{"loss": 0.11845624446868896, "lr": 0.001, "_timestamp": 1697561303.6831434, "_runtime": 17.240413427352905, "_step": 47, "_wandb": {"runtime": 16}}